x-axis,1,2,3
second,Volt,Volt,Volt
+61.68000E-03,+725.00002E-03,+500.00000E-03,+599.49994E-03
+61.70000E-03,+693.75002E-03,+625.00000E-03,+693.24994E-03
+61.72000E-03,+725.00002E-03,+750.00000E-03,+786.99994E-03
+61.74000E-03,+693.75002E-03,+812.50000E-03,+849.49994E-03
+61.76000E-03,+725.00002E-03,+843.75000E-03,+849.49994E-03
+61.78000E-03,+787.50002E-03,+812.50000E-03,+786.99994E-03
+61.80000E-03,+725.00002E-03,+812.50000E-03,+786.99994E-03
+61.82000E-03,+818.75002E-03,+781.25000E-03,+818.24994E-03
+61.84000E-03,+850.00002E-03,+781.25000E-03,+818.24994E-03
+61.86000E-03,+850.00002E-03,+812.50000E-03,+818.24994E-03
+61.88000E-03,+881.25002E-03,+843.75000E-03,+849.49994E-03
+61.90000E-03,+912.50002E-03,+875.00000E-03,+943.24994E-03
+61.92000E-03,+943.75002E-03,+906.25000E-03,+974.49994E-03
+61.94000E-03,+1.00625002E+00,+968.75000E-03,+1.00574994E+00
+61.96000E-03,+1.10000002E+00,+1.03125000E+00,+1.03699994E+00
+61.98000E-03,+1.13125002E+00,+1.09375000E+00,+1.09949994E+00
+62.00000E-03,+1.19375002E+00,+1.09375000E+00,+1.19324994E+00
+62.02000E-03,+1.28750002E+00,+1.18750000E+00,+1.22449994E+00
+62.04000E-03,+1.38125002E+00,+1.25000000E+00,+1.31824994E+00
+62.06000E-03,+1.47500002E+00,+1.34375000E+00,+1.44324994E+00
+62.08000E-03,+1.53750002E+00,+1.40625000E+00,+1.53699994E+00
+62.10000E-03,+1.63125002E+00,+1.56250000E+00,+1.63074994E+00
+62.12000E-03,+1.75625002E+00,+1.59375000E+00,+1.72449994E+00
+62.14000E-03,+1.81875002E+00,+1.75000000E+00,+1.84949994E+00
+62.16000E-03,+1.97500002E+00,+1.87500000E+00,+1.97449994E+00
+62.18000E-03,+2.10000002E+00,+1.96875000E+00,+2.06824994E+00
+62.20000E-03,+2.13125002E+00,+2.09375000E+00,+2.16199994E+00
+62.22000E-03,+2.28750002E+00,+2.18750000E+00,+2.28699994E+00
+62.24000E-03,+2.28750002E+00,+2.28125000E+00,+2.34949994E+00
+62.26000E-03,+2.41250002E+00,+2.37500000E+00,+2.44324994E+00
+62.28000E-03,+2.44375002E+00,+2.46875000E+00,+2.44324994E+00
+62.30000E-03,+2.53750002E+00,+2.50000000E+00,+2.59949994E+00
+62.32000E-03,+2.53750002E+00,+2.56250000E+00,+2.56824994E+00
+62.34000E-03,+2.50625002E+00,+2.59375000E+00,+2.59949994E+00
+62.36000E-03,+2.47500002E+00,+2.56250000E+00,+2.59949994E+00
+62.38000E-03,+2.44375002E+00,+2.56250000E+00,+2.56824994E+00
+62.40000E-03,+2.35000002E+00,+2.53125000E+00,+2.50574994E+00
+62.42000E-03,+2.25625002E+00,+2.43750000E+00,+2.38074994E+00
+62.44000E-03,+2.10000002E+00,+2.31250000E+00,+2.25574994E+00
+62.46000E-03,+2.00625002E+00,+2.25000000E+00,+2.16199994E+00
+62.48000E-03,+1.85000002E+00,+2.09375000E+00,+1.97449994E+00
+62.50000E-03,+1.66250002E+00,+1.93750000E+00,+1.81824994E+00
+62.52000E-03,+1.53750002E+00,+1.75000000E+00,+1.66199994E+00
+62.54000E-03,+1.35000002E+00,+1.53125000E+00,+1.44324994E+00
+62.56000E-03,+1.19375002E+00,+1.37500000E+00,+1.28699994E+00
+62.58000E-03,+1.03750002E+00,+1.18750000E+00,+1.13074994E+00
+62.60000E-03,+881.25002E-03,+1.03125000E+00,+943.24994E-03
+62.62000E-03,+787.50002E-03,+906.25000E-03,+786.99994E-03
+62.64000E-03,+725.00002E-03,+750.00000E-03,+724.49994E-03
+62.66000E-03,+725.00002E-03,+687.50000E-03,+661.99994E-03
+62.68000E-03,+693.75002E-03,+656.25000E-03,+661.99994E-03
+62.70000E-03,+787.50002E-03,+687.50000E-03,+661.99994E-03
+62.72000E-03,+850.00002E-03,+718.75000E-03,+786.99994E-03
+62.74000E-03,+975.00002E-03,+812.50000E-03,+943.24994E-03
+62.76000E-03,+1.22500002E+00,+968.75000E-03,+1.09949994E+00
+62.78000E-03,+1.41250002E+00,+1.12500000E+00,+1.25574994E+00
+62.80000E-03,+1.60000002E+00,+1.34375000E+00,+1.50574994E+00
+62.82000E-03,+1.85000002E+00,+1.62500000E+00,+1.78699994E+00
+62.84000E-03,+2.06875002E+00,+1.81250000E+00,+2.00574994E+00
+62.86000E-03,+2.22500002E+00,+2.06250000E+00,+2.22449994E+00
+62.88000E-03,+2.41250002E+00,+2.28125000E+00,+2.41199994E+00
+62.90000E-03,+2.47500002E+00,+2.46875000E+00,+2.53699994E+00
+62.92000E-03,+2.53750002E+00,+2.53125000E+00,+2.63074994E+00
+62.94000E-03,+2.50625002E+00,+2.65625000E+00,+2.66199994E+00
+62.96000E-03,+2.44375002E+00,+2.59375000E+00,+2.59949994E+00
+62.98000E-03,+2.28750002E+00,+2.56250000E+00,+2.47449994E+00
+63.00000E-03,+2.06875002E+00,+2.40625000E+00,+2.31824994E+00
+63.02000E-03,+1.88125002E+00,+2.21875000E+00,+2.06824994E+00
+63.04000E-03,+1.56875002E+00,+1.96875000E+00,+1.81824994E+00
+63.06000E-03,+1.38125002E+00,+1.65625000E+00,+1.50574994E+00
+63.08000E-03,+1.10000002E+00,+1.37500000E+00,+1.25574994E+00
+63.10000E-03,+975.00002E-03,+1.15625000E+00,+974.49994E-03
+63.12000E-03,+756.25002E-03,+906.25000E-03,+786.99994E-03
+63.14000E-03,+662.50002E-03,+718.75000E-03,+661.99994E-03
+63.16000E-03,+693.75002E-03,+625.00000E-03,+599.49994E-03
+63.18000E-03,+787.50002E-03,+593.75000E-03,+630.74994E-03
+63.20000E-03,+975.00002E-03,+687.50000E-03,+786.99994E-03
+63.22000E-03,+1.22500002E+00,+875.00000E-03,+974.49994E-03
+63.24000E-03,+1.44375002E+00,+1.09375000E+00,+1.28699994E+00
+63.26000E-03,+1.75625002E+00,+1.37500000E+00,+1.59949994E+00
+63.28000E-03,+2.00625002E+00,+1.71875000E+00,+1.91199994E+00
+63.30000E-03,+2.25625002E+00,+2.03125000E+00,+2.25574994E+00
+63.32000E-03,+2.44375002E+00,+2.31250000E+00,+2.47449994E+00
+63.34000E-03,+2.50625002E+00,+2.53125000E+00,+2.66199994E+00
+63.36000E-03,+2.53750002E+00,+2.68750000E+00,+2.72449994E+00
+63.38000E-03,+2.41250002E+00,+2.68750000E+00,+2.66199994E+00
+63.40000E-03,+2.19375002E+00,+2.59375000E+00,+2.47449994E+00
+63.42000E-03,+1.97500002E+00,+2.37500000E+00,+2.25574994E+00
+63.44000E-03,+1.66250002E+00,+2.15625000E+00,+1.91199994E+00
+63.46000E-03,+1.31875002E+00,+1.75000000E+00,+1.53699994E+00
+63.48000E-03,+1.10000002E+00,+1.37500000E+00,+1.16199994E+00
+63.50000E-03,+850.00002E-03,+1.06250000E+00,+849.49994E-03
+63.52000E-03,+693.75002E-03,+781.25000E-03,+661.99994E-03
+63.54000E-03,+725.00002E-03,+593.75000E-03,+536.99994E-03
+63.56000E-03,+787.50002E-03,+562.50000E-03,+599.49994E-03
+63.58000E-03,+1.00625002E+00,+656.25000E-03,+755.74994E-03
+63.60000E-03,+1.31875002E+00,+812.50000E-03,+1.03699994E+00
+63.62000E-03,+1.66250002E+00,+1.15625000E+00,+1.38074994E+00
+63.64000E-03,+2.00625002E+00,+1.53125000E+00,+1.75574994E+00
+63.66000E-03,+2.25625002E+00,+1.93750000E+00,+2.22449994E+00
+63.68000E-03,+2.44375002E+00,+2.31250000E+00,+2.50574994E+00
+63.70000E-03,+2.53750002E+00,+2.56250000E+00,+2.69324994E+00
+63.72000E-03,+2.47500002E+00,+2.71875000E+00,+2.75574994E+00
+63.74000E-03,+2.28750002E+00,+2.68750000E+00,+2.69324994E+00
+63.76000E-03,+2.03750002E+00,+2.56250000E+00,+2.41199994E+00
+63.78000E-03,+1.66250002E+00,+2.25000000E+00,+2.03699994E+00
+63.80000E-03,+1.35000002E+00,+1.84375000E+00,+1.59949994E+00
+63.82000E-03,+1.00625002E+00,+1.43750000E+00,+1.22449994E+00
+63.84000E-03,+850.00002E-03,+1.06250000E+00,+755.74994E-03
+63.86000E-03,+693.75002E-03,+718.75000E-03,+568.24994E-03
+63.88000E-03,+756.25002E-03,+531.25000E-03,+505.74994E-03
+63.90000E-03,+881.25002E-03,+531.25000E-03,+599.49994E-03
+63.92000E-03,+1.22500002E+00,+718.75000E-03,+880.74994E-03
+63.94000E-03,+1.63125002E+00,+1.03125000E+00,+1.28699994E+00
+63.96000E-03,+1.97500002E+00,+1.43750000E+00,+1.75574994E+00
+63.98000E-03,+2.25625002E+00,+1.87500000E+00,+2.22449994E+00
+64.00000E-03,+2.50625002E+00,+2.31250000E+00,+2.56824994E+00
+64.02000E-03,+2.53750002E+00,+2.65625000E+00,+2.75574994E+00
+64.04000E-03,+2.44375002E+00,+2.78125000E+00,+2.78699994E+00
+64.06000E-03,+2.16250002E+00,+2.71875000E+00,+2.63074994E+00
+64.08000E-03,+1.81875002E+00,+2.46875000E+00,+2.19324994E+00
+64.10000E-03,+1.41250002E+00,+2.06250000E+00,+1.78699994E+00
+64.12000E-03,+1.10000002E+00,+1.62500000E+00,+1.28699994E+00
+64.14000E-03,+787.50002E-03,+1.09375000E+00,+849.49994E-03
+64.16000E-03,+725.00002E-03,+750.00000E-03,+536.99994E-03
+64.18000E-03,+756.25002E-03,+531.25000E-03,+443.24994E-03
+64.20000E-03,+1.00625002E+00,+531.25000E-03,+568.24994E-03
+64.22000E-03,+1.35000002E+00,+718.75000E-03,+911.99994E-03
+64.24000E-03,+1.72500002E+00,+1.06250000E+00,+1.34949994E+00
+64.26000E-03,+2.13125002E+00,+1.56250000E+00,+1.94324994E+00
+64.28000E-03,+2.41250002E+00,+2.12500000E+00,+2.41199994E+00
+64.30000E-03,+2.53750002E+00,+2.50000000E+00,+2.75574994E+00
+64.32000E-03,+2.44375002E+00,+2.75000000E+00,+2.84949994E+00
+64.34000E-03,+2.16250002E+00,+2.78125000E+00,+2.75574994E+00
+64.36000E-03,+1.78750002E+00,+2.53125000E+00,+2.38074994E+00
+64.38000E-03,+1.41250002E+00,+2.15625000E+00,+1.84949994E+00
+64.40000E-03,+1.00625002E+00,+1.65625000E+00,+1.28699994E+00
+64.42000E-03,+756.25002E-03,+1.12500000E+00,+786.99994E-03
+64.44000E-03,+693.75002E-03,+718.75000E-03,+474.49994E-03
+64.46000E-03,+818.75002E-03,+468.75000E-03,+411.99994E-03
+64.48000E-03,+1.13125002E+00,+500.00000E-03,+599.49994E-03
+64.50000E-03,+1.50625002E+00,+781.25000E-03,+1.03699994E+00
+64.52000E-03,+1.97500002E+00,+1.21875000E+00,+1.63074994E+00
+64.54000E-03,+2.31875002E+00,+1.84375000E+00,+2.22449994E+00
+64.56000E-03,+2.47500002E+00,+2.34375000E+00,+2.66199994E+00
+64.58000E-03,+2.50625002E+00,+2.71875000E+00,+2.88074994E+00
+64.60000E-03,+2.25625002E+00,+2.84375000E+00,+2.84949994E+00
+64.62000E-03,+1.88125002E+00,+2.65625000E+00,+2.50574994E+00
+64.64000E-03,+1.38125002E+00,+2.25000000E+00,+1.94324994E+00
+64.66000E-03,+975.00002E-03,+1.65625000E+00,+1.34949994E+00
+64.68000E-03,+756.25002E-03,+1.12500000E+00,+786.99994E-03
+64.70000E-03,+725.00002E-03,+687.50000E-03,+443.24994E-03
+64.72000E-03,+850.00002E-03,+406.25000E-03,+411.99994E-03
+64.74000E-03,+1.25625002E+00,+468.75000E-03,+630.74994E-03
+64.76000E-03,+1.66250002E+00,+843.75000E-03,+1.16199994E+00
+64.78000E-03,+2.13125002E+00,+1.37500000E+00,+1.75574994E+00
+64.80000E-03,+2.41250002E+00,+2.03125000E+00,+2.41199994E+00
+64.82000E-03,+2.50625002E+00,+2.50000000E+00,+2.81824994E+00
+64.84000E-03,+2.35000002E+00,+2.84375000E+00,+2.94324994E+00
+64.86000E-03,+2.00625002E+00,+2.84375000E+00,+2.72449994E+00
+64.88000E-03,+1.60000002E+00,+2.46875000E+00,+2.19324994E+00
+64.90000E-03,+1.10000002E+00,+1.93750000E+00,+1.59949994E+00
+64.92000E-03,+787.50002E-03,+1.34375000E+00,+943.24994E-03
+64.94000E-03,+693.75002E-03,+781.25000E-03,+474.49994E-03
+64.96000E-03,+850.00002E-03,+468.75000E-03,+318.24994E-03
+64.98000E-03,+1.22500002E+00,+437.50000E-03,+568.24994E-03
+65.00000E-03,+1.66250002E+00,+750.00000E-03,+1.06824994E+00
+65.02000E-03,+2.13125002E+00,+1.31250000E+00,+1.75574994E+00
+65.04000E-03,+2.44375002E+00,+1.96875000E+00,+2.41199994E+00
+65.06000E-03,+2.50625002E+00,+2.56250000E+00,+2.88074994E+00
+65.08000E-03,+2.31875002E+00,+2.84375000E+00,+2.97449994E+00
+65.10000E-03,+1.91250002E+00,+2.78125000E+00,+2.69324994E+00
+65.12000E-03,+1.38125002E+00,+2.40625000E+00,+2.09949994E+00
+65.14000E-03,+975.00002E-03,+1.84375000E+00,+1.41199994E+00
+65.16000E-03,+693.75002E-03,+1.15625000E+00,+755.74994E-03
+65.18000E-03,+756.25002E-03,+625.00000E-03,+349.49994E-03
+65.20000E-03,+1.00625002E+00,+375.00000E-03,+380.74994E-03
+65.22000E-03,+1.47500002E+00,+500.00000E-03,+693.24994E-03
+65.24000E-03,+1.97500002E+00,+1.00000000E+00,+1.41199994E+00
+65.26000E-03,+2.41250002E+00,+1.65625000E+00,+2.09949994E+00
+65.28000E-03,+2.56875002E+00,+2.31250000E+00,+2.75574994E+00
+65.30000E-03,+2.38125002E+00,+2.75000000E+00,+2.97449994E+00
+65.32000E-03,+2.00625002E+00,+2.90625000E+00,+2.81824994E+00
+65.34000E-03,+1.50625002E+00,+2.59375000E+00,+2.31824994E+00
+65.36000E-03,+1.03750002E+00,+2.03125000E+00,+1.56824994E+00
+65.38000E-03,+693.75002E-03,+1.28125000E+00,+849.49994E-03
+65.40000E-03,+756.25002E-03,+687.50000E-03,+443.24994E-03
+65.42000E-03,+1.00625002E+00,+375.00000E-03,+318.24994E-03
+65.44000E-03,+1.47500002E+00,+437.50000E-03,+661.99994E-03
+65.46000E-03,+2.00625002E+00,+906.25000E-03,+1.34949994E+00
+65.48000E-03,+2.41250002E+00,+1.62500000E+00,+2.09949994E+00
+65.50000E-03,+2.50625002E+00,+2.34375000E+00,+2.75574994E+00
+65.52000E-03,+2.35000002E+00,+2.75000000E+00,+3.00574994E+00
+65.54000E-03,+1.94375002E+00,+2.84375000E+00,+2.81824994E+00
+65.56000E-03,+1.38125002E+00,+2.56250000E+00,+2.19324994E+00
+65.58000E-03,+912.50002E-03,+1.87500000E+00,+1.47449994E+00
+65.60000E-03,+662.50002E-03,+1.18750000E+00,+724.49994E-03
+65.62000E-03,+787.50002E-03,+593.75000E-03,+349.49994E-03
+65.64000E-03,+1.16250002E+00,+343.75000E-03,+349.49994E-03
+65.66000E-03,+1.72500002E+00,+593.75000E-03,+880.74994E-03
+65.68000E-03,+2.22500002E+00,+1.15625000E+00,+1.66199994E+00
+65.70000E-03,+2.50625002E+00,+1.87500000E+00,+2.41199994E+00
+65.72000E-03,+2.47500002E+00,+2.56250000E+00,+2.91199994E+00
+65.74000E-03,+2.10000002E+00,+2.84375000E+00,+3.00574994E+00
+65.76000E-03,+1.63125002E+00,+2.78125000E+00,+2.59949994E+00
+65.78000E-03,+1.03750002E+00,+2.21875000E+00,+1.84949994E+00
+65.80000E-03,+756.25002E-03,+1.50000000E+00,+1.03699994E+00
+65.82000E-03,+725.00002E-03,+781.25000E-03,+411.99994E-03
+65.84000E-03,+1.03750002E+00,+406.25000E-03,+318.24994E-03
+65.86000E-03,+1.60000002E+00,+437.50000E-03,+661.99994E-03
+65.88000E-03,+2.10000002E+00,+937.50000E-03,+1.41199994E+00
+65.90000E-03,+2.47500002E+00,+1.71875000E+00,+2.25574994E+00
+65.92000E-03,+2.50625002E+00,+2.40625000E+00,+2.84949994E+00
+65.94000E-03,+2.16250002E+00,+2.87500000E+00,+3.00574994E+00
+65.96000E-03,+1.60000002E+00,+2.84375000E+00,+2.63074994E+00
+65.98000E-03,+1.13125002E+00,+2.31250000E+00,+1.91199994E+00
+66.00000E-03,+725.00002E-03,+1.56250000E+00,+1.06824994E+00
+66.02000E-03,+756.25002E-03,+843.75000E-03,+474.49994E-03
+66.04000E-03,+1.13125002E+00,+406.25000E-03,+286.99994E-03
+66.06000E-03,+1.66250002E+00,+468.75000E-03,+661.99994E-03
+66.08000E-03,+2.16250002E+00,+968.75000E-03,+1.41199994E+00
+66.10000E-03,+2.47500002E+00,+1.71875000E+00,+2.25574994E+00
+66.12000E-03,+2.47500002E+00,+2.46875000E+00,+2.88074994E+00
+66.14000E-03,+2.10000002E+00,+2.87500000E+00,+2.97449994E+00
+66.16000E-03,+1.47500002E+00,+2.75000000E+00,+2.56824994E+00
+66.18000E-03,+975.00002E-03,+2.21875000E+00,+1.78699994E+00
+66.20000E-03,+693.75002E-03,+1.43750000E+00,+911.99994E-03
+66.22000E-03,+850.00002E-03,+718.75000E-03,+380.74994E-03
+66.24000E-03,+1.28750002E+00,+406.25000E-03,+318.24994E-03
+66.26000E-03,+1.85000002E+00,+562.50000E-03,+880.74994E-03
+66.28000E-03,+2.35000002E+00,+1.21875000E+00,+1.69324994E+00
+66.30000E-03,+2.53750002E+00,+1.96875000E+00,+2.50574994E+00
+66.32000E-03,+2.31875002E+00,+2.65625000E+00,+3.00574994E+00
+66.34000E-03,+1.85000002E+00,+2.90625000E+00,+2.88074994E+00
+66.36000E-03,+1.19375002E+00,+2.59375000E+00,+2.19324994E+00
+66.38000E-03,+756.25002E-03,+1.87500000E+00,+1.34949994E+00
+66.40000E-03,+725.00002E-03,+1.06250000E+00,+599.49994E-03
+66.42000E-03,+1.10000002E+00,+531.25000E-03,+286.99994E-03
+66.44000E-03,+1.56875002E+00,+406.25000E-03,+505.74994E-03
+66.46000E-03,+2.19375002E+00,+875.00000E-03,+1.28699994E+00
+66.48000E-03,+2.53750002E+00,+1.65625000E+00,+2.16199994E+00
+66.50000E-03,+2.44375002E+00,+2.40625000E+00,+2.88074994E+00
+66.52000E-03,+2.00625002E+00,+2.84375000E+00,+2.97449994E+00
+66.54000E-03,+1.31875002E+00,+2.71875000E+00,+2.47449994E+00
+66.56000E-03,+881.25002E-03,+2.15625000E+00,+1.66199994E+00
+66.58000E-03,+662.50002E-03,+1.34375000E+00,+786.99994E-03
+66.60000E-03,+943.75002E-03,+625.00000E-03,+318.24994E-03
+66.62000E-03,+1.50625002E+00,+375.00000E-03,+443.24994E-03
+66.64000E-03,+2.10000002E+00,+750.00000E-03,+1.13074994E+00
+66.66000E-03,+2.47500002E+00,+1.46875000E+00,+2.00574994E+00
+66.68000E-03,+2.41250002E+00,+2.28125000E+00,+2.75574994E+00
+66.70000E-03,+2.06875002E+00,+2.78125000E+00,+3.00574994E+00
+66.72000E-03,+1.41250002E+00,+2.78125000E+00,+2.59949994E+00
+66.74000E-03,+881.25002E-03,+2.25000000E+00,+1.78699994E+00
+66.76000E-03,+693.75002E-03,+1.40625000E+00,+880.74994E-03
+66.78000E-03,+943.75002E-03,+687.50000E-03,+380.74994E-03
+66.80000E-03,+1.53750002E+00,+406.25000E-03,+443.24994E-03
+66.82000E-03,+2.13125002E+00,+718.75000E-03,+1.06824994E+00
+66.84000E-03,+2.50625002E+00,+1.43750000E+00,+1.97449994E+00
+66.86000E-03,+2.41250002E+00,+2.28125000E+00,+2.78699994E+00
+66.88000E-03,+1.97500002E+00,+2.78125000E+00,+2.97449994E+00
+66.90000E-03,+1.35000002E+00,+2.75000000E+00,+2.53699994E+00
+66.92000E-03,+818.75002E-03,+2.18750000E+00,+1.69324994E+00
+66.94000E-03,+693.75002E-03,+1.34375000E+00,+818.24994E-03
+66.96000E-03,+1.00625002E+00,+625.00000E-03,+349.49994E-03
+66.98000E-03,+1.63125002E+00,+468.75000E-03,+536.99994E-03
+67.00000E-03,+2.25625002E+00,+875.00000E-03,+1.25574994E+00
+67.02000E-03,+2.50625002E+00,+1.59375000E+00,+2.16199994E+00
+67.04000E-03,+2.35000002E+00,+2.40625000E+00,+2.84949994E+00
+67.06000E-03,+1.75625002E+00,+2.81250000E+00,+2.91199994E+00
+67.08000E-03,+1.16250002E+00,+2.62500000E+00,+2.31824994E+00
+67.10000E-03,+756.25002E-03,+1.96875000E+00,+1.41199994E+00
+67.12000E-03,+756.25002E-03,+1.12500000E+00,+599.49994E-03
+67.14000E-03,+1.22500002E+00,+562.50000E-03,+349.49994E-03
+67.16000E-03,+1.91250002E+00,+531.25000E-03,+724.49994E-03
+67.18000E-03,+2.41250002E+00,+1.06250000E+00,+1.56824994E+00
+67.20000E-03,+2.47500002E+00,+1.90625000E+00,+2.47449994E+00
+67.22000E-03,+2.10000002E+00,+2.59375000E+00,+2.91199994E+00
+67.24000E-03,+1.47500002E+00,+2.78125000E+00,+2.69324994E+00
+67.26000E-03,+881.25002E-03,+2.37500000E+00,+1.97449994E+00
+67.28000E-03,+693.75002E-03,+1.56250000E+00,+1.03699994E+00
+67.30000E-03,+975.00002E-03,+843.75000E-03,+411.99994E-03
+67.32000E-03,+1.60000002E+00,+500.00000E-03,+474.49994E-03
+67.34000E-03,+2.22500002E+00,+781.25000E-03,+1.13074994E+00
+67.36000E-03,+2.53750002E+00,+1.50000000E+00,+2.06824994E+00
+67.38000E-03,+2.28750002E+00,+2.31250000E+00,+2.72449994E+00
+67.40000E-03,+1.75625002E+00,+2.75000000E+00,+2.84949994E+00
+67.42000E-03,+1.03750002E+00,+2.59375000E+00,+2.31824994E+00
+67.44000E-03,+693.75002E-03,+1.93750000E+00,+1.38074994E+00
+67.46000E-03,+850.00002E-03,+1.09375000E+00,+630.74994E-03
+67.48000E-03,+1.38125002E+00,+562.50000E-03,+411.99994E-03
+67.50000E-03,+2.06875002E+00,+625.00000E-03,+849.49994E-03
+67.52000E-03,+2.47500002E+00,+1.21875000E+00,+1.75574994E+00
+67.54000E-03,+2.44375002E+00,+2.09375000E+00,+2.56824994E+00
+67.56000E-03,+1.91250002E+00,+2.65625000E+00,+2.88074994E+00
+67.58000E-03,+1.22500002E+00,+2.65625000E+00,+2.50574994E+00
+67.60000E-03,+756.25002E-03,+2.12500000E+00,+1.63074994E+00
+67.62000E-03,+818.75002E-03,+1.31250000E+00,+786.99994E-03
+67.64000E-03,+1.25625002E+00,+625.00000E-03,+443.24994E-03
+67.66000E-03,+1.97500002E+00,+562.50000E-03,+724.49994E-03
+67.68000E-03,+2.47500002E+00,+1.09375000E+00,+1.53699994E+00
+67.70000E-03,+2.44375002E+00,+1.93750000E+00,+2.44324994E+00
+67.72000E-03,+1.97500002E+00,+2.53125000E+00,+2.84949994E+00
+67.74000E-03,+1.28750002E+00,+2.68750000E+00,+2.56824994E+00
+67.76000E-03,+787.50002E-03,+2.25000000E+00,+1.78699994E+00
+67.78000E-03,+725.00002E-03,+1.40625000E+00,+880.74994E-03
+67.80000E-03,+1.28750002E+00,+750.00000E-03,+443.24994E-03
+67.82000E-03,+1.97500002E+00,+593.75000E-03,+693.24994E-03
+67.84000E-03,+2.47500002E+00,+1.06250000E+00,+1.50574994E+00
+67.86000E-03,+2.44375002E+00,+1.84375000E+00,+2.38074994E+00
+67.88000E-03,+1.94375002E+00,+2.50000000E+00,+2.81824994E+00
+67.90000E-03,+1.25625002E+00,+2.68750000E+00,+2.56824994E+00
+67.92000E-03,+756.25002E-03,+2.18750000E+00,+1.78699994E+00
+67.94000E-03,+787.50002E-03,+1.37500000E+00,+880.74994E-03
+67.96000E-03,+1.28750002E+00,+750.00000E-03,+443.24994E-03
+67.98000E-03,+1.97500002E+00,+625.00000E-03,+755.74994E-03
+68.00000E-03,+2.44375002E+00,+1.09375000E+00,+1.56824994E+00
+68.02000E-03,+2.41250002E+00,+1.90625000E+00,+2.44324994E+00
+68.04000E-03,+1.88125002E+00,+2.56250000E+00,+2.84949994E+00
+68.06000E-03,+1.16250002E+00,+2.62500000E+00,+2.47449994E+00
+68.08000E-03,+693.75002E-03,+2.12500000E+00,+1.66199994E+00
+68.10000E-03,+850.00002E-03,+1.31250000E+00,+786.99994E-03
+68.12000E-03,+1.41250002E+00,+687.50000E-03,+474.49994E-03
+68.14000E-03,+2.13125002E+00,+687.50000E-03,+849.49994E-03
+68.16000E-03,+2.47500002E+00,+1.21875000E+00,+1.72449994E+00
+68.18000E-03,+2.31875002E+00,+2.03125000E+00,+2.50574994E+00
+68.20000E-03,+1.72500002E+00,+2.59375000E+00,+2.78699994E+00
+68.22000E-03,+1.00625002E+00,+2.56250000E+00,+2.34949994E+00
+68.24000E-03,+662.50002E-03,+1.93750000E+00,+1.44324994E+00
+68.26000E-03,+975.00002E-03,+1.12500000E+00,+724.49994E-03
+68.28000E-03,+1.66250002E+00,+687.50000E-03,+536.99994E-03
+68.30000E-03,+2.25625002E+00,+781.25000E-03,+1.13074994E+00
+68.32000E-03,+2.50625002E+00,+1.43750000E+00,+1.97449994E+00
+68.34000E-03,+2.13125002E+00,+2.21875000E+00,+2.66199994E+00
+68.36000E-03,+1.47500002E+00,+2.59375000E+00,+2.66199994E+00
+68.38000E-03,+850.00002E-03,+2.37500000E+00,+2.06824994E+00
+68.40000E-03,+756.25002E-03,+1.68750000E+00,+1.09949994E+00
+68.42000E-03,+1.19375002E+00,+906.25000E-03,+568.24994E-03
+68.44000E-03,+1.94375002E+00,+656.25000E-03,+661.99994E-03
+68.46000E-03,+2.41250002E+00,+1.00000000E+00,+1.44324994E+00
+68.48000E-03,+2.44375002E+00,+1.75000000E+00,+2.31824994E+00
+68.50000E-03,+1.88125002E+00,+2.40625000E+00,+2.72449994E+00
+68.52000E-03,+1.16250002E+00,+2.59375000E+00,+2.44324994E+00
+68.54000E-03,+725.00002E-03,+2.09375000E+00,+1.66199994E+00
+68.56000E-03,+881.25002E-03,+1.31250000E+00,+818.24994E-03
+68.58000E-03,+1.56875002E+00,+750.00000E-03,+568.24994E-03
+68.60000E-03,+2.22500002E+00,+781.25000E-03,+974.49994E-03
+68.62000E-03,+2.47500002E+00,+1.34375000E+00,+1.84949994E+00
+68.64000E-03,+2.16250002E+00,+2.09375000E+00,+2.56824994E+00
+68.66000E-03,+1.47500002E+00,+2.56250000E+00,+2.69324994E+00
+68.68000E-03,+850.00002E-03,+2.37500000E+00,+2.09949994E+00
+68.70000E-03,+725.00002E-03,+1.68750000E+00,+1.16199994E+00
+68.72000E-03,+1.22500002E+00,+968.75000E-03,+599.49994E-03
+68.74000E-03,+2.03750002E+00,+718.75000E-03,+755.74994E-03
+68.76000E-03,+2.47500002E+00,+1.06250000E+00,+1.44324994E+00
+68.78000E-03,+2.38125002E+00,+1.84375000E+00,+2.31824994E+00
+68.80000E-03,+1.75625002E+00,+2.43750000E+00,+2.72449994E+00
+68.82000E-03,+1.03750002E+00,+2.50000000E+00,+2.34949994E+00
+68.84000E-03,+693.75002E-03,+1.96875000E+00,+1.50574994E+00
+68.86000E-03,+1.00625002E+00,+1.21875000E+00,+786.99994E-03
+68.88000E-03,+1.72500002E+00,+750.00000E-03,+599.49994E-03
+68.90000E-03,+2.35000002E+00,+906.25000E-03,+1.19324994E+00
+68.92000E-03,+2.47500002E+00,+1.56250000E+00,+2.09949994E+00
+68.94000E-03,+1.94375002E+00,+2.28125000E+00,+2.63074994E+00
+68.96000E-03,+1.22500002E+00,+2.50000000E+00,+2.50574994E+00
+68.98000E-03,+756.25002E-03,+2.18750000E+00,+1.78699994E+00
+69.00000E-03,+912.50002E-03,+1.40625000E+00,+943.24994E-03
+69.02000E-03,+1.53750002E+00,+843.75000E-03,+599.49994E-03
+69.04000E-03,+2.25625002E+00,+781.25000E-03,+1.03699994E+00
+69.06000E-03,+2.53750002E+00,+1.34375000E+00,+1.88074994E+00
+69.08000E-03,+2.10000002E+00,+2.09375000E+00,+2.53699994E+00
+69.10000E-03,+1.41250002E+00,+2.53125000E+00,+2.63074994E+00
+69.12000E-03,+787.50002E-03,+2.31250000E+00,+2.00574994E+00
+69.14000E-03,+787.50002E-03,+1.62500000E+00,+1.09949994E+00
+69.16000E-03,+1.35000002E+00,+968.75000E-03,+630.74994E-03
+69.18000E-03,+2.19375002E+00,+750.00000E-03,+880.74994E-03
+69.20000E-03,+2.50625002E+00,+1.25000000E+00,+1.66199994E+00
+69.22000E-03,+2.19375002E+00,+2.00000000E+00,+2.44324994E+00
+69.24000E-03,+1.47500002E+00,+2.46875000E+00,+2.59949994E+00
+69.26000E-03,+881.25002E-03,+2.34375000E+00,+2.09949994E+00
+69.28000E-03,+818.75002E-03,+1.71875000E+00,+1.22449994E+00
+69.30000E-03,+1.31875002E+00,+1.00000000E+00,+693.24994E-03
+69.32000E-03,+2.06875002E+00,+781.25000E-03,+849.49994E-03
+69.34000E-03,+2.50625002E+00,+1.15625000E+00,+1.59949994E+00
+69.36000E-03,+2.28750002E+00,+1.87500000E+00,+2.38074994E+00
+69.38000E-03,+1.53750002E+00,+2.43750000E+00,+2.56824994E+00
+69.40000E-03,+881.25002E-03,+2.37500000E+00,+2.13074994E+00
+69.42000E-03,+756.25002E-03,+1.78125000E+00,+1.34949994E+00
+69.44000E-03,+1.31875002E+00,+1.09375000E+00,+724.49994E-03
+69.46000E-03,+2.06875002E+00,+812.50000E-03,+818.24994E-03
+69.48000E-03,+2.50625002E+00,+1.15625000E+00,+1.53699994E+00
+69.50000E-03,+2.25625002E+00,+1.84375000E+00,+2.34949994E+00
+69.52000E-03,+1.53750002E+00,+2.37500000E+00,+2.63074994E+00
+69.54000E-03,+881.25002E-03,+2.34375000E+00,+2.13074994E+00
+69.56000E-03,+756.25002E-03,+1.78125000E+00,+1.31824994E+00
+69.58000E-03,+1.31875002E+00,+1.09375000E+00,+724.49994E-03
+69.60000E-03,+2.06875002E+00,+812.50000E-03,+849.49994E-03
+69.62000E-03,+2.50625002E+00,+1.18750000E+00,+1.59949994E+00
+69.64000E-03,+2.19375002E+00,+1.90625000E+00,+2.34949994E+00
+69.66000E-03,+1.47500002E+00,+2.40625000E+00,+2.56824994E+00
+69.68000E-03,+818.75002E-03,+2.31250000E+00,+2.06824994E+00
+69.70000E-03,+787.50002E-03,+1.71875000E+00,+1.25574994E+00
+69.72000E-03,+1.41250002E+00,+1.06250000E+00,+755.74994E-03
+69.74000E-03,+2.16250002E+00,+843.75000E-03,+943.24994E-03
+69.76000E-03,+2.47500002E+00,+1.25000000E+00,+1.69324994E+00
+69.78000E-03,+2.19375002E+00,+1.96875000E+00,+2.41199994E+00
+69.80000E-03,+1.35000002E+00,+2.40625000E+00,+2.53699994E+00
+69.82000E-03,+787.50002E-03,+2.25000000E+00,+1.94324994E+00
+69.84000E-03,+818.75002E-03,+1.62500000E+00,+1.13074994E+00
+69.86000E-03,+1.50625002E+00,+1.03125000E+00,+724.49994E-03
+69.88000E-03,+2.25625002E+00,+906.25000E-03,+1.03699994E+00
+69.90000E-03,+2.47500002E+00,+1.37500000E+00,+1.81824994E+00
+69.92000E-03,+2.03750002E+00,+2.06250000E+00,+2.47449994E+00
+69.94000E-03,+1.22500002E+00,+2.43750000E+00,+2.44324994E+00
+69.96000E-03,+693.75002E-03,+2.15625000E+00,+1.81824994E+00
+69.98000E-03,+943.75002E-03,+1.46875000E+00,+1.03699994E+00
+70.00000E-03,+1.72500002E+00,+968.75000E-03,+755.74994E-03
+70.02000E-03,+2.41250002E+00,+937.50000E-03,+1.19324994E+00
+70.04000E-03,+2.44375002E+00,+1.53125000E+00,+2.00574994E+00
+70.06000E-03,+1.78750002E+00,+2.21875000E+00,+2.47449994E+00
+70.08000E-03,+1.03750002E+00,+2.40625000E+00,+2.34949994E+00
+70.10000E-03,+725.00002E-03,+1.96875000E+00,+1.59949994E+00
+70.12000E-03,+1.13125002E+00,+1.28125000E+00,+880.74994E-03
+70.14000E-03,+1.91250002E+00,+875.00000E-03,+818.24994E-03
+70.16000E-03,+2.47500002E+00,+1.06250000E+00,+1.38074994E+00
+70.18000E-03,+2.28750002E+00,+1.71875000E+00,+2.19324994E+00
+70.20000E-03,+1.56875002E+00,+2.28125000E+00,+2.53699994E+00
+70.22000E-03,+818.75002E-03,+2.31250000E+00,+2.16199994E+00
+70.24000E-03,+756.25002E-03,+1.78125000E+00,+1.28699994E+00
+70.26000E-03,+1.35000002E+00,+1.12500000E+00,+755.74994E-03
+70.28000E-03,+2.16250002E+00,+906.25000E-03,+974.49994E-03
+70.30000E-03,+2.50625002E+00,+1.28125000E+00,+1.69324994E+00
+70.32000E-03,+2.06875002E+00,+1.96875000E+00,+2.41199994E+00
+70.34000E-03,+1.25625002E+00,+2.37500000E+00,+2.47449994E+00
+70.36000E-03,+725.00002E-03,+2.18750000E+00,+1.81824994E+00
+70.38000E-03,+943.75002E-03,+1.50000000E+00,+1.09949994E+00
+70.40000E-03,+1.72500002E+00,+968.75000E-03,+786.99994E-03
+70.42000E-03,+2.41250002E+00,+1.00000000E+00,+1.19324994E+00
+70.44000E-03,+2.44375002E+00,+1.53125000E+00,+2.03699994E+00
+70.46000E-03,+1.72500002E+00,+2.18750000E+00,+2.50574994E+00
+70.48000E-03,+943.75002E-03,+2.34375000E+00,+2.28699994E+00
+70.50000E-03,+725.00002E-03,+1.93750000E+00,+1.50574994E+00
+70.52000E-03,+1.22500002E+00,+1.25000000E+00,+911.99994E-03
+70.54000E-03,+2.10000002E+00,+906.25000E-03,+911.99994E-03
+70.56000E-03,+2.50625002E+00,+1.18750000E+00,+1.53699994E+00
+70.58000E-03,+2.13125002E+00,+1.84375000E+00,+2.28699994E+00
+70.60000E-03,+1.35000002E+00,+2.28125000E+00,+2.47449994E+00
+70.62000E-03,+725.00002E-03,+2.15625000E+00,+1.97449994E+00
+70.64000E-03,+881.25002E-03,+1.56250000E+00,+1.16199994E+00
+70.66000E-03,+1.66250002E+00,+1.06250000E+00,+786.99994E-03
+70.68000E-03,+2.35000002E+00,+968.75000E-03,+1.16199994E+00
+70.70000E-03,+2.41250002E+00,+1.50000000E+00,+1.94324994E+00
+70.72000E-03,+1.72500002E+00,+2.15625000E+00,+2.44324994E+00
+70.74000E-03,+1.00625002E+00,+2.28125000E+00,+2.25574994E+00
+70.76000E-03,+693.75002E-03,+1.87500000E+00,+1.50574994E+00
+70.78000E-03,+1.28750002E+00,+1.25000000E+00,+911.99994E-03
+70.80000E-03,+2.13125002E+00,+968.75000E-03,+943.24994E-03
+70.82000E-03,+2.53750002E+00,+1.18750000E+00,+1.59949994E+00
+70.84000E-03,+2.10000002E+00,+1.87500000E+00,+2.25574994E+00
+70.86000E-03,+1.28750002E+00,+2.31250000E+00,+2.41199994E+00
+70.88000E-03,+725.00002E-03,+2.15625000E+00,+1.84949994E+00
+70.90000E-03,+975.00002E-03,+1.50000000E+00,+1.13074994E+00
+70.92000E-03,+1.78750002E+00,+1.00000000E+00,+849.49994E-03
+70.94000E-03,+2.44375002E+00,+1.00000000E+00,+1.25574994E+00
+70.96000E-03,+2.35000002E+00,+1.56250000E+00,+2.06824994E+00
+70.98000E-03,+1.60000002E+00,+2.15625000E+00,+2.44324994E+00
+71.00000E-03,+850.00002E-03,+2.25000000E+00,+2.16199994E+00
+71.02000E-03,+787.50002E-03,+1.78125000E+00,+1.41199994E+00
+71.04000E-03,+1.47500002E+00,+1.18750000E+00,+880.74994E-03
+71.06000E-03,+2.28750002E+00,+968.75000E-03,+1.06824994E+00
+71.08000E-03,+2.47500002E+00,+1.40625000E+00,+1.75574994E+00
+71.10000E-03,+1.91250002E+00,+2.03125000E+00,+2.38074994E+00
+71.12000E-03,+1.10000002E+00,+2.28125000E+00,+2.31824994E+00
+71.14000E-03,+725.00002E-03,+2.00000000E+00,+1.66199994E+00
+71.16000E-03,+1.16250002E+00,+1.37500000E+00,+974.49994E-03
+71.18000E-03,+2.00625002E+00,+1.00000000E+00,+911.99994E-03
+71.20000E-03,+2.50625002E+00,+1.18750000E+00,+1.50574994E+00
+71.22000E-03,+2.16250002E+00,+1.78125000E+00,+2.22449994E+00
+71.24000E-03,+1.31875002E+00,+2.21875000E+00,+2.41199994E+00
+71.26000E-03,+756.25002E-03,+2.15625000E+00,+1.91199994E+00
+71.28000E-03,+975.00002E-03,+1.56250000E+00,+1.09949994E+00
+71.30000E-03,+1.81875002E+00,+1.06250000E+00,+818.24994E-03
+71.32000E-03,+2.44375002E+00,+1.09375000E+00,+1.31824994E+00
+71.34000E-03,+2.35000002E+00,+1.62500000E+00,+2.06824994E+00
+71.36000E-03,+1.50625002E+00,+2.18750000E+00,+2.41199994E+00
+71.38000E-03,+787.50002E-03,+2.21875000E+00,+2.09949994E+00
+71.40000E-03,+850.00002E-03,+1.75000000E+00,+1.28699994E+00
+71.42000E-03,+1.63125002E+00,+1.12500000E+00,+880.74994E-03
+71.44000E-03,+2.38125002E+00,+1.03125000E+00,+1.13074994E+00
+71.46000E-03,+2.44375002E+00,+1.50000000E+00,+1.88074994E+00
+71.48000E-03,+1.72500002E+00,+2.09375000E+00,+2.38074994E+00
+71.50000E-03,+912.50002E-03,+2.28125000E+00,+2.19324994E+00
+71.52000E-03,+756.25002E-03,+1.87500000E+00,+1.44324994E+00
+71.54000E-03,+1.44375002E+00,+1.21875000E+00,+943.24994E-03
+71.56000E-03,+2.25625002E+00,+1.00000000E+00,+1.03699994E+00
+71.58000E-03,+2.47500002E+00,+1.34375000E+00,+1.75574994E+00
+71.60000E-03,+1.88125002E+00,+2.00000000E+00,+2.34949994E+00
+71.62000E-03,+1.00625002E+00,+2.28125000E+00,+2.25574994E+00
+71.64000E-03,+693.75002E-03,+1.93750000E+00,+1.59949994E+00
+71.66000E-03,+1.35000002E+00,+1.34375000E+00,+1.00574994E+00
+71.68000E-03,+2.16250002E+00,+968.75000E-03,+1.03699994E+00
+71.70000E-03,+2.50625002E+00,+1.28125000E+00,+1.63074994E+00
+71.72000E-03,+1.97500002E+00,+1.87500000E+00,+2.28699994E+00
+71.74000E-03,+1.16250002E+00,+2.21875000E+00,+2.31824994E+00
+71.76000E-03,+756.25002E-03,+2.03125000E+00,+1.75574994E+00
+71.78000E-03,+1.19375002E+00,+1.43750000E+00,+1.03699994E+00
+71.80000E-03,+2.06875002E+00,+1.00000000E+00,+943.24994E-03
+71.82000E-03,+2.50625002E+00,+1.21875000E+00,+1.56824994E+00
+71.84000E-03,+2.03750002E+00,+1.84375000E+00,+2.25574994E+00
+71.86000E-03,+1.19375002E+00,+2.25000000E+00,+2.31824994E+00
+71.88000E-03,+693.75002E-03,+2.09375000E+00,+1.75574994E+00
+71.90000E-03,+1.13125002E+00,+1.46875000E+00,+1.06824994E+00
+71.92000E-03,+2.00625002E+00,+1.03125000E+00,+943.24994E-03
+71.94000E-03,+2.50625002E+00,+1.21875000E+00,+1.47449994E+00
+71.96000E-03,+2.16250002E+00,+1.78125000E+00,+2.16199994E+00
+71.98000E-03,+1.25625002E+00,+2.21875000E+00,+2.31824994E+00
+72.00000E-03,+756.25002E-03,+2.09375000E+00,+1.81824994E+00
+72.02000E-03,+1.10000002E+00,+1.50000000E+00,+1.09949994E+00
+72.04000E-03,+1.94375002E+00,+1.03125000E+00,+911.99994E-03
+72.06000E-03,+2.50625002E+00,+1.18750000E+00,+1.44324994E+00
+72.08000E-03,+2.16250002E+00,+1.75000000E+00,+2.16199994E+00
+72.10000E-03,+1.25625002E+00,+2.18750000E+00,+2.34949994E+00
+72.12000E-03,+756.25002E-03,+2.06250000E+00,+1.84949994E+00
+72.14000E-03,+1.03750002E+00,+1.53125000E+00,+1.16199994E+00
+72.16000E-03,+1.91250002E+00,+1.06250000E+00,+943.24994E-03
+72.18000E-03,+2.47500002E+00,+1.18750000E+00,+1.44324994E+00
+72.20000E-03,+2.13125002E+00,+1.71875000E+00,+2.13074994E+00
+72.22000E-03,+1.28750002E+00,+2.21875000E+00,+2.31824994E+00
+72.24000E-03,+756.25002E-03,+2.09375000E+00,+1.84949994E+00
+72.26000E-03,+1.10000002E+00,+1.50000000E+00,+1.16199994E+00
+72.28000E-03,+1.97500002E+00,+1.09375000E+00,+974.49994E-03
+72.30000E-03,+2.47500002E+00,+1.18750000E+00,+1.47449994E+00
+72.32000E-03,+2.10000002E+00,+1.75000000E+00,+2.16199994E+00
+72.34000E-03,+1.22500002E+00,+2.18750000E+00,+2.31824994E+00
+72.36000E-03,+725.00002E-03,+2.03125000E+00,+1.81824994E+00
+72.38000E-03,+1.10000002E+00,+1.50000000E+00,+1.13074994E+00
+72.40000E-03,+2.06875002E+00,+1.06250000E+00,+974.49994E-03
+72.42000E-03,+2.50625002E+00,+1.21875000E+00,+1.50574994E+00
+72.44000E-03,+2.06875002E+00,+1.78125000E+00,+2.16199994E+00
+72.46000E-03,+1.16250002E+00,+2.21875000E+00,+2.31824994E+00
+72.48000E-03,+725.00002E-03,+2.00000000E+00,+1.75574994E+00
+72.50000E-03,+1.19375002E+00,+1.46875000E+00,+1.09949994E+00
+72.52000E-03,+2.10000002E+00,+1.06250000E+00,+1.00574994E+00
+72.54000E-03,+2.50625002E+00,+1.25000000E+00,+1.56824994E+00
+72.56000E-03,+2.03750002E+00,+1.78125000E+00,+2.22449994E+00
+72.58000E-03,+1.13125002E+00,+2.18750000E+00,+2.22449994E+00
+72.60000E-03,+662.50002E-03,+2.00000000E+00,+1.66199994E+00
+72.62000E-03,+1.25625002E+00,+1.37500000E+00,+1.09949994E+00
+72.64000E-03,+2.19375002E+00,+1.06250000E+00,+1.03699994E+00
+72.66000E-03,+2.47500002E+00,+1.34375000E+00,+1.63074994E+00
+72.68000E-03,+1.85000002E+00,+1.90625000E+00,+2.25574994E+00
+72.70000E-03,+975.00002E-03,+2.18750000E+00,+2.22449994E+00
+72.72000E-03,+756.25002E-03,+1.90625000E+00,+1.53699994E+00
+72.74000E-03,+1.41250002E+00,+1.31250000E+00,+1.03699994E+00
+72.76000E-03,+2.31875002E+00,+1.09375000E+00,+1.13074994E+00
+72.78000E-03,+2.41250002E+00,+1.40625000E+00,+1.78699994E+00
+72.80000E-03,+1.72500002E+00,+1.93750000E+00,+2.31824994E+00
+72.82000E-03,+881.25002E-03,+2.15625000E+00,+2.09949994E+00
+72.84000E-03,+818.75002E-03,+1.81250000E+00,+1.44324994E+00
+72.86000E-03,+1.60000002E+00,+1.21875000E+00,+974.49994E-03
+72.88000E-03,+2.38125002E+00,+1.12500000E+00,+1.22449994E+00
+72.90000E-03,+2.35000002E+00,+1.50000000E+00,+1.91199994E+00
+72.92000E-03,+1.53750002E+00,+2.06250000E+00,+2.28699994E+00
+72.94000E-03,+787.50002E-03,+2.12500000E+00,+2.00574994E+00
+72.96000E-03,+912.50002E-03,+1.65625000E+00,+1.34949994E+00
+72.98000E-03,+1.81875002E+00,+1.15625000E+00,+1.00574994E+00
+73.00000E-03,+2.41250002E+00,+1.15625000E+00,+1.34949994E+00
+73.02000E-03,+2.22500002E+00,+1.62500000E+00,+2.03699994E+00
+73.04000E-03,+1.35000002E+00,+2.12500000E+00,+2.28699994E+00
+73.06000E-03,+725.00002E-03,+2.09375000E+00,+1.88074994E+00
+73.08000E-03,+1.06875002E+00,+1.53125000E+00,+1.16199994E+00
+73.10000E-03,+2.00625002E+00,+1.12500000E+00,+1.03699994E+00
+73.12000E-03,+2.50625002E+00,+1.25000000E+00,+1.50574994E+00
+73.14000E-03,+2.03750002E+00,+1.78125000E+00,+2.16199994E+00
+73.16000E-03,+1.13125002E+00,+2.15625000E+00,+2.22449994E+00
+73.18000E-03,+693.75002E-03,+2.00000000E+00,+1.69324994E+00
+73.20000E-03,+1.31875002E+00,+1.40625000E+00,+1.06824994E+00
+73.22000E-03,+2.22500002E+00,+1.09375000E+00,+1.09949994E+00
+73.24000E-03,+2.47500002E+00,+1.37500000E+00,+1.69324994E+00
+73.26000E-03,+1.78750002E+00,+1.87500000E+00,+2.25574994E+00
+73.28000E-03,+881.25002E-03,+2.12500000E+00,+2.13074994E+00
+73.30000E-03,+818.75002E-03,+1.81250000E+00,+1.47449994E+00
+73.32000E-03,+1.63125002E+00,+1.25000000E+00,+1.03699994E+00
+73.34000E-03,+2.38125002E+00,+1.15625000E+00,+1.25574994E+00
+73.36000E-03,+2.35000002E+00,+1.53125000E+00,+1.91199994E+00
+73.38000E-03,+1.47500002E+00,+2.06250000E+00,+2.25574994E+00
+73.40000E-03,+756.25002E-03,+2.09375000E+00,+1.97449994E+00
+73.42000E-03,+975.00002E-03,+1.62500000E+00,+1.28699994E+00
+73.44000E-03,+1.91250002E+00,+1.18750000E+00,+1.03699994E+00
+73.46000E-03,+2.50625002E+00,+1.18750000E+00,+1.44324994E+00
+73.48000E-03,+2.13125002E+00,+1.71875000E+00,+2.06824994E+00
+73.50000E-03,+1.16250002E+00,+2.12500000E+00,+2.22449994E+00
+73.52000E-03,+693.75002E-03,+2.00000000E+00,+1.72449994E+00
+73.54000E-03,+1.25625002E+00,+1.46875000E+00,+1.13074994E+00
+73.56000E-03,+2.19375002E+00,+1.15625000E+00,+1.09949994E+00
+73.58000E-03,+2.47500002E+00,+1.37500000E+00,+1.69324994E+00
+73.60000E-03,+1.81875002E+00,+1.87500000E+00,+2.19324994E+00
+73.62000E-03,+912.50002E-03,+2.12500000E+00,+2.09949994E+00
+73.64000E-03,+818.75002E-03,+1.81250000E+00,+1.47449994E+00
+73.66000E-03,+1.66250002E+00,+1.31250000E+00,+1.09949994E+00
+73.68000E-03,+2.41250002E+00,+1.15625000E+00,+1.25574994E+00
+73.70000E-03,+2.28750002E+00,+1.56250000E+00,+1.91199994E+00
+73.72000E-03,+1.38125002E+00,+2.03125000E+00,+2.28699994E+00
+73.74000E-03,+725.00002E-03,+2.09375000E+00,+1.94324994E+00
+73.76000E-03,+1.10000002E+00,+1.59375000E+00,+1.25574994E+00
+73.78000E-03,+2.00625002E+00,+1.15625000E+00,+1.06824994E+00
+73.80000E-03,+2.53750002E+00,+1.28125000E+00,+1.50574994E+00
+73.82000E-03,+1.94375002E+00,+1.78125000E+00,+2.13074994E+00
+73.84000E-03,+1.03750002E+00,+2.12500000E+00,+2.19324994E+00
+73.86000E-03,+787.50002E-03,+1.93750000E+00,+1.63074994E+00
+73.88000E-03,+1.44375002E+00,+1.37500000E+00,+1.03699994E+00
+73.90000E-03,+2.31875002E+00,+1.12500000E+00,+1.16199994E+00
+73.92000E-03,+2.38125002E+00,+1.46875000E+00,+1.81824994E+00
+73.94000E-03,+1.53750002E+00,+2.00000000E+00,+2.25574994E+00
+73.96000E-03,+756.25002E-03,+2.12500000E+00,+1.97449994E+00
+73.98000E-03,+975.00002E-03,+1.68750000E+00,+1.34949994E+00
+74.00000E-03,+1.88125002E+00,+1.21875000E+00,+1.00574994E+00
+74.02000E-03,+2.53750002E+00,+1.21875000E+00,+1.41199994E+00
+74.04000E-03,+2.03750002E+00,+1.75000000E+00,+2.09949994E+00
+74.06000E-03,+1.13125002E+00,+2.09375000E+00,+2.22449994E+00
+74.08000E-03,+756.25002E-03,+1.93750000E+00,+1.72449994E+00
+74.10000E-03,+1.35000002E+00,+1.43750000E+00,+1.13074994E+00
+74.12000E-03,+2.25625002E+00,+1.12500000E+00,+1.16199994E+00
+74.14000E-03,+2.41250002E+00,+1.40625000E+00,+1.75574994E+00
+74.16000E-03,+1.60000002E+00,+1.93750000E+00,+2.25574994E+00
+74.18000E-03,+787.50002E-03,+2.06250000E+00,+2.00574994E+00
+74.20000E-03,+912.50002E-03,+1.68750000E+00,+1.34949994E+00
+74.22000E-03,+1.88125002E+00,+1.21875000E+00,+1.03699994E+00
+74.24000E-03,+2.47500002E+00,+1.18750000E+00,+1.41199994E+00
+74.26000E-03,+2.10000002E+00,+1.68750000E+00,+2.06824994E+00
+74.28000E-03,+1.16250002E+00,+2.09375000E+00,+2.19324994E+00
+74.30000E-03,+725.00002E-03,+1.93750000E+00,+1.72449994E+00
+74.32000E-03,+1.38125002E+00,+1.46875000E+00,+1.13074994E+00
+74.34000E-03,+2.31875002E+00,+1.15625000E+00,+1.16199994E+00
+74.36000E-03,+2.44375002E+00,+1.40625000E+00,+1.75574994E+00
+74.38000E-03,+1.60000002E+00,+1.93750000E+00,+2.22449994E+00
+74.40000E-03,+756.25002E-03,+2.09375000E+00,+2.00574994E+00
+74.42000E-03,+943.75002E-03,+1.68750000E+00,+1.34949994E+00
+74.44000E-03,+1.91250002E+00,+1.25000000E+00,+1.06824994E+00
+74.46000E-03,+2.47500002E+00,+1.21875000E+00,+1.47449994E+00
+74.48000E-03,+2.03750002E+00,+1.68750000E+00,+2.06824994E+00
+74.50000E-03,+1.06875002E+00,+2.12500000E+00,+2.19324994E+00
+74.52000E-03,+725.00002E-03,+1.90625000E+00,+1.63074994E+00
+74.54000E-03,+1.44375002E+00,+1.40625000E+00,+1.13074994E+00
+74.56000E-03,+2.35000002E+00,+1.18750000E+00,+1.22449994E+00
+74.58000E-03,+2.38125002E+00,+1.50000000E+00,+1.81824994E+00
+74.60000E-03,+1.50625002E+00,+1.96875000E+00,+2.19324994E+00
+74.62000E-03,+756.25002E-03,+2.06250000E+00,+1.91199994E+00
+74.64000E-03,+1.06875002E+00,+1.62500000E+00,+1.28699994E+00
+74.66000E-03,+2.06875002E+00,+1.18750000E+00,+1.09949994E+00
+74.68000E-03,+2.47500002E+00,+1.28125000E+00,+1.56824994E+00
+74.70000E-03,+1.91250002E+00,+1.78125000E+00,+2.13074994E+00
+74.72000E-03,+975.00002E-03,+2.09375000E+00,+2.09949994E+00
+74.74000E-03,+787.50002E-03,+1.84375000E+00,+1.53699994E+00
+74.76000E-03,+1.63125002E+00,+1.34375000E+00,+1.06824994E+00
+74.78000E-03,+2.41250002E+00,+1.18750000E+00,+1.31824994E+00
+74.80000E-03,+2.25625002E+00,+1.59375000E+00,+1.97449994E+00
+74.82000E-03,+1.28750002E+00,+2.03125000E+00,+2.19324994E+00
+74.84000E-03,+725.00002E-03,+2.00000000E+00,+1.78699994E+00
+74.86000E-03,+1.25625002E+00,+1.50000000E+00,+1.19324994E+00
+74.88000E-03,+2.22500002E+00,+1.21875000E+00,+1.13074994E+00
+74.90000E-03,+2.47500002E+00,+1.43750000E+00,+1.72449994E+00
+74.92000E-03,+1.63125002E+00,+1.93750000E+00,+2.16199994E+00
+74.94000E-03,+787.50002E-03,+2.06250000E+00,+2.00574994E+00
+74.96000E-03,+975.00002E-03,+1.68750000E+00,+1.34949994E+00
+74.98000E-03,+1.91250002E+00,+1.28125000E+00,+1.06824994E+00
+75.00000E-03,+2.50625002E+00,+1.25000000E+00,+1.47449994E+00
+75.02000E-03,+2.00625002E+00,+1.71875000E+00,+2.06824994E+00
+75.04000E-03,+1.06875002E+00,+2.09375000E+00,+2.16199994E+00
+75.06000E-03,+756.25002E-03,+1.84375000E+00,+1.59949994E+00
+75.08000E-03,+1.53750002E+00,+1.40625000E+00,+1.09949994E+00
+75.10000E-03,+2.41250002E+00,+1.18750000E+00,+1.28699994E+00
+75.12000E-03,+2.25625002E+00,+1.53125000E+00,+1.91199994E+00
+75.14000E-03,+1.35000002E+00,+2.00000000E+00,+2.19324994E+00
+75.16000E-03,+725.00002E-03,+1.96875000E+00,+1.78699994E+00
+75.18000E-03,+1.22500002E+00,+1.56250000E+00,+1.19324994E+00
+75.20000E-03,+2.19375002E+00,+1.15625000E+00,+1.13074994E+00
+75.22000E-03,+2.44375002E+00,+1.40625000E+00,+1.69324994E+00
+75.24000E-03,+1.66250002E+00,+1.87500000E+00,+2.16199994E+00
+75.26000E-03,+818.75002E-03,+2.06250000E+00,+1.97449994E+00
+75.28000E-03,+943.75002E-03,+1.68750000E+00,+1.38074994E+00
+75.30000E-03,+1.94375002E+00,+1.28125000E+00,+1.09949994E+00
+75.32000E-03,+2.50625002E+00,+1.28125000E+00,+1.50574994E+00
+75.34000E-03,+1.91250002E+00,+1.78125000E+00,+2.09949994E+00
+75.36000E-03,+943.75002E-03,+2.09375000E+00,+2.09949994E+00
+75.38000E-03,+787.50002E-03,+1.81250000E+00,+1.53699994E+00
+75.40000E-03,+1.69375002E+00,+1.34375000E+00,+1.09949994E+00
+75.42000E-03,+2.44375002E+00,+1.25000000E+00,+1.31824994E+00
+75.44000E-03,+2.19375002E+00,+1.56250000E+00,+1.97449994E+00
+75.46000E-03,+1.19375002E+00,+2.03125000E+00,+2.19324994E+00
+75.48000E-03,+756.25002E-03,+1.96875000E+00,+1.72449994E+00
+75.50000E-03,+1.38125002E+00,+1.43750000E+00,+1.16199994E+00
+75.52000E-03,+2.31875002E+00,+1.21875000E+00,+1.19324994E+00
+75.54000E-03,+2.38125002E+00,+1.46875000E+00,+1.78699994E+00
+75.56000E-03,+1.47500002E+00,+1.96875000E+00,+2.16199994E+00
+75.58000E-03,+725.00002E-03,+2.03125000E+00,+1.88074994E+00
+75.60000E-03,+1.13125002E+00,+1.59375000E+00,+1.25574994E+00
+75.62000E-03,+2.16250002E+00,+1.25000000E+00,+1.16199994E+00
+75.64000E-03,+2.47500002E+00,+1.40625000E+00,+1.66199994E+00
+75.66000E-03,+1.72500002E+00,+1.87500000E+00,+2.16199994E+00
+75.68000E-03,+818.75002E-03,+2.03125000E+00,+2.00574994E+00
+75.70000E-03,+943.75002E-03,+1.71875000E+00,+1.38074994E+00
+75.72000E-03,+1.94375002E+00,+1.25000000E+00,+1.09949994E+00
+75.74000E-03,+2.53750002E+00,+1.31250000E+00,+1.50574994E+00
+75.76000E-03,+1.91250002E+00,+1.75000000E+00,+2.06824994E+00
+75.78000E-03,+943.75002E-03,+2.06250000E+00,+2.09949994E+00
+75.80000E-03,+850.00002E-03,+1.78125000E+00,+1.50574994E+00
+75.82000E-03,+1.69375002E+00,+1.34375000E+00,+1.06824994E+00
+75.84000E-03,+2.44375002E+00,+1.25000000E+00,+1.38074994E+00
+75.86000E-03,+2.06875002E+00,+1.65625000E+00,+2.00574994E+00
+75.88000E-03,+1.10000002E+00,+2.03125000E+00,+2.09949994E+00
+75.90000E-03,+725.00002E-03,+1.90625000E+00,+1.66199994E+00
+75.92000E-03,+1.53750002E+00,+1.40625000E+00,+1.13074994E+00
+75.94000E-03,+2.41250002E+00,+1.21875000E+00,+1.28699994E+00
+75.96000E-03,+2.25625002E+00,+1.53125000E+00,+1.88074994E+00
+75.98000E-03,+1.31875002E+00,+1.96875000E+00,+2.13074994E+00
+76.00000E-03,+693.75002E-03,+1.96875000E+00,+1.75574994E+00
+76.02000E-03,+1.31875002E+00,+1.50000000E+00,+1.19324994E+00
+76.04000E-03,+2.28750002E+00,+1.21875000E+00,+1.19324994E+00
+76.06000E-03,+2.35000002E+00,+1.46875000E+00,+1.78699994E+00
+76.08000E-03,+1.44375002E+00,+1.93750000E+00,+2.16199994E+00
+76.10000E-03,+725.00002E-03,+2.00000000E+00,+1.88074994E+00
+76.12000E-03,+1.16250002E+00,+1.59375000E+00,+1.25574994E+00
+76.14000E-03,+2.16250002E+00,+1.21875000E+00,+1.19324994E+00
+76.16000E-03,+2.44375002E+00,+1.40625000E+00,+1.72449994E+00
+76.18000E-03,+1.60000002E+00,+1.90625000E+00,+2.16199994E+00
+76.20000E-03,+787.50002E-03,+2.00000000E+00,+1.94324994E+00
+76.22000E-03,+1.06875002E+00,+1.62500000E+00,+1.34949994E+00
+76.24000E-03,+2.06875002E+00,+1.25000000E+00,+1.13074994E+00
+76.26000E-03,+2.47500002E+00,+1.34375000E+00,+1.59949994E+00
+76.28000E-03,+1.75625002E+00,+1.81250000E+00,+2.13074994E+00
+76.30000E-03,+881.25002E-03,+2.06250000E+00,+2.03699994E+00
+76.32000E-03,+975.00002E-03,+1.75000000E+00,+1.38074994E+00
+76.34000E-03,+1.91250002E+00,+1.31250000E+00,+1.13074994E+00
+76.36000E-03,+2.50625002E+00,+1.31250000E+00,+1.53699994E+00
+76.38000E-03,+1.88125002E+00,+1.78125000E+00,+2.03699994E+00
+76.40000E-03,+881.25002E-03,+2.03125000E+00,+2.03699994E+00
+76.42000E-03,+850.00002E-03,+1.75000000E+00,+1.47449994E+00
+76.44000E-03,+1.81875002E+00,+1.34375000E+00,+1.13074994E+00
+76.46000E-03,+2.53750002E+00,+1.25000000E+00,+1.47449994E+00
+76.48000E-03,+1.97500002E+00,+1.71875000E+00,+2.03699994E+00
+76.50000E-03,+943.75002E-03,+2.06250000E+00,+2.06824994E+00
+76.52000E-03,+818.75002E-03,+1.78125000E+00,+1.53699994E+00
+76.54000E-03,+1.75625002E+00,+1.34375000E+00,+1.16199994E+00
+76.56000E-03,+2.50625002E+00,+1.28125000E+00,+1.44324994E+00
+76.58000E-03,+2.10000002E+00,+1.65625000E+00,+2.03699994E+00
+76.60000E-03,+1.00625002E+00,+2.00000000E+00,+2.06824994E+00
+76.62000E-03,+787.50002E-03,+1.84375000E+00,+1.59949994E+00
+76.64000E-03,+1.63125002E+00,+1.37500000E+00,+1.16199994E+00
+76.66000E-03,+2.47500002E+00,+1.25000000E+00,+1.38074994E+00
+76.68000E-03,+2.10000002E+00,+1.62500000E+00,+1.97449994E+00
+76.70000E-03,+1.10000002E+00,+2.00000000E+00,+2.13074994E+00
+76.72000E-03,+725.00002E-03,+1.90625000E+00,+1.59949994E+00
+76.74000E-03,+1.56875002E+00,+1.43750000E+00,+1.16199994E+00
+76.76000E-03,+2.44375002E+00,+1.25000000E+00,+1.34949994E+00
+76.78000E-03,+2.22500002E+00,+1.59375000E+00,+1.94324994E+00
+76.80000E-03,+1.13125002E+00,+2.00000000E+00,+2.13074994E+00
+76.82000E-03,+756.25002E-03,+1.90625000E+00,+1.69324994E+00
+76.84000E-03,+1.50625002E+00,+1.43750000E+00,+1.19324994E+00
+76.86000E-03,+2.44375002E+00,+1.25000000E+00,+1.31824994E+00
+76.88000E-03,+2.22500002E+00,+1.56250000E+00,+1.88074994E+00
+76.90000E-03,+1.16250002E+00,+2.00000000E+00,+2.16199994E+00
+76.92000E-03,+725.00002E-03,+1.90625000E+00,+1.69324994E+00
+76.94000E-03,+1.50625002E+00,+1.43750000E+00,+1.22449994E+00
+76.96000E-03,+2.41250002E+00,+1.25000000E+00,+1.28699994E+00
+76.98000E-03,+2.22500002E+00,+1.56250000E+00,+1.88074994E+00
+77.00000E-03,+1.22500002E+00,+1.96875000E+00,+2.09949994E+00
+77.02000E-03,+725.00002E-03,+1.90625000E+00,+1.72449994E+00
+77.04000E-03,+1.47500002E+00,+1.46875000E+00,+1.22449994E+00
+77.06000E-03,+2.41250002E+00,+1.25000000E+00,+1.28699994E+00
+77.08000E-03,+2.22500002E+00,+1.59375000E+00,+1.88074994E+00
+77.10000E-03,+1.19375002E+00,+1.93750000E+00,+2.13074994E+00
+77.12000E-03,+725.00002E-03,+1.93750000E+00,+1.69324994E+00
+77.14000E-03,+1.44375002E+00,+1.43750000E+00,+1.19324994E+00
+77.16000E-03,+2.41250002E+00,+1.25000000E+00,+1.25574994E+00
+77.18000E-03,+2.22500002E+00,+1.56250000E+00,+1.88074994E+00
+77.20000E-03,+1.22500002E+00,+1.93750000E+00,+2.09949994E+00
+77.22000E-03,+756.25002E-03,+1.90625000E+00,+1.72449994E+00
+77.24000E-03,+1.44375002E+00,+1.50000000E+00,+1.19324994E+00
+77.26000E-03,+2.41250002E+00,+1.25000000E+00,+1.31824994E+00
+77.28000E-03,+2.22500002E+00,+1.56250000E+00,+1.88074994E+00
+77.30000E-03,+1.16250002E+00,+1.96875000E+00,+2.16199994E+00
+77.32000E-03,+725.00002E-03,+1.90625000E+00,+1.69324994E+00
+77.34000E-03,+1.47500002E+00,+1.43750000E+00,+1.19324994E+00
+77.36000E-03,+2.38125002E+00,+1.25000000E+00,+1.34949994E+00
+77.38000E-03,+2.19375002E+00,+1.56250000E+00,+1.88074994E+00
+77.40000E-03,+1.16250002E+00,+1.96875000E+00,+2.13074994E+00
+77.42000E-03,+756.25002E-03,+1.90625000E+00,+1.69324994E+00
+77.44000E-03,+1.53750002E+00,+1.43750000E+00,+1.16199994E+00
+77.46000E-03,+2.44375002E+00,+1.25000000E+00,+1.34949994E+00
+77.48000E-03,+2.19375002E+00,+1.56250000E+00,+1.91199994E+00
+77.50000E-03,+1.13125002E+00,+2.00000000E+00,+2.09949994E+00
+77.52000E-03,+756.25002E-03,+1.84375000E+00,+1.66199994E+00
+77.54000E-03,+1.66250002E+00,+1.43750000E+00,+1.19324994E+00
+77.56000E-03,+2.44375002E+00,+1.28125000E+00,+1.38074994E+00
+77.58000E-03,+2.13125002E+00,+1.65625000E+00,+2.00574994E+00
+77.60000E-03,+1.03750002E+00,+1.96875000E+00,+2.09949994E+00
+77.62000E-03,+787.50002E-03,+1.84375000E+00,+1.56824994E+00
+77.64000E-03,+1.66250002E+00,+1.37500000E+00,+1.19324994E+00
+77.66000E-03,+2.47500002E+00,+1.31250000E+00,+1.44324994E+00
+77.68000E-03,+2.06875002E+00,+1.65625000E+00,+1.97449994E+00
+77.70000E-03,+1.00625002E+00,+2.00000000E+00,+2.09949994E+00
+77.72000E-03,+818.75002E-03,+1.81250000E+00,+1.53699994E+00
+77.74000E-03,+1.75625002E+00,+1.34375000E+00,+1.13074994E+00
+77.76000E-03,+2.50625002E+00,+1.28125000E+00,+1.44324994E+00
+77.78000E-03,+1.97500002E+00,+1.71875000E+00,+1.97449994E+00
+77.80000E-03,+912.50002E-03,+2.00000000E+00,+2.00574994E+00
+77.82000E-03,+881.25002E-03,+1.78125000E+00,+1.50574994E+00
+77.84000E-03,+1.88125002E+00,+1.37500000E+00,+1.19324994E+00
+77.86000E-03,+2.50625002E+00,+1.31250000E+00,+1.50574994E+00
+77.88000E-03,+1.88125002E+00,+1.75000000E+00,+2.03699994E+00
+77.90000E-03,+850.00002E-03,+2.00000000E+00,+2.00574994E+00
+77.92000E-03,+975.00002E-03,+1.68750000E+00,+1.44324994E+00
+77.94000E-03,+1.97500002E+00,+1.31250000E+00,+1.19324994E+00
+77.96000E-03,+2.44375002E+00,+1.37500000E+00,+1.59949994E+00
+77.98000E-03,+1.72500002E+00,+1.78125000E+00,+2.06824994E+00
+78.00000E-03,+787.50002E-03,+2.00000000E+00,+1.94324994E+00
+78.02000E-03,+1.00625002E+00,+1.62500000E+00,+1.41199994E+00
+78.04000E-03,+2.13125002E+00,+1.28125000E+00,+1.22449994E+00
+78.06000E-03,+2.47500002E+00,+1.43750000E+00,+1.66199994E+00
+78.08000E-03,+1.56875002E+00,+1.84375000E+00,+2.06824994E+00
+78.10000E-03,+756.25002E-03,+1.96875000E+00,+1.88074994E+00
+78.12000E-03,+1.13125002E+00,+1.56250000E+00,+1.31824994E+00
+78.14000E-03,+2.25625002E+00,+1.25000000E+00,+1.22449994E+00
+78.16000E-03,+2.41250002E+00,+1.46875000E+00,+1.72449994E+00
+78.18000E-03,+1.44375002E+00,+1.90625000E+00,+2.13074994E+00
+78.20000E-03,+756.25002E-03,+1.93750000E+00,+1.81824994E+00
+78.22000E-03,+1.28750002E+00,+1.53125000E+00,+1.28699994E+00
+78.24000E-03,+2.35000002E+00,+1.28125000E+00,+1.28699994E+00
+78.26000E-03,+2.31875002E+00,+1.50000000E+00,+1.81824994E+00
+78.28000E-03,+1.22500002E+00,+1.93750000E+00,+2.09949994E+00
+78.30000E-03,+725.00002E-03,+1.87500000E+00,+1.75574994E+00
+78.32000E-03,+1.47500002E+00,+1.46875000E+00,+1.22449994E+00
+78.34000E-03,+2.44375002E+00,+1.28125000E+00,+1.34949994E+00
+78.36000E-03,+2.16250002E+00,+1.59375000E+00,+1.91199994E+00
+78.38000E-03,+1.10000002E+00,+1.96875000E+00,+2.06824994E+00
+78.40000E-03,+756.25002E-03,+1.84375000E+00,+1.59949994E+00
+78.42000E-03,+1.69375002E+00,+1.40625000E+00,+1.19324994E+00
+78.44000E-03,+2.47500002E+00,+1.28125000E+00,+1.44324994E+00
+78.46000E-03,+1.97500002E+00,+1.68750000E+00,+1.97449994E+00
+78.48000E-03,+975.00002E-03,+2.00000000E+00,+2.03699994E+00
+78.50000E-03,+850.00002E-03,+1.78125000E+00,+1.50574994E+00
+78.52000E-03,+1.88125002E+00,+1.37500000E+00,+1.19324994E+00
+78.54000E-03,+2.50625002E+00,+1.37500000E+00,+1.53699994E+00
+78.56000E-03,+1.85000002E+00,+1.71875000E+00,+2.09949994E+00
+78.58000E-03,+850.00002E-03,+1.96875000E+00,+1.97449994E+00
+78.60000E-03,+1.00625002E+00,+1.68750000E+00,+1.41199994E+00
+78.62000E-03,+2.10000002E+00,+1.31250000E+00,+1.25574994E+00
+78.64000E-03,+2.41250002E+00,+1.40625000E+00,+1.63074994E+00
+78.66000E-03,+1.53750002E+00,+1.84375000E+00,+2.09949994E+00
+78.68000E-03,+725.00002E-03,+1.96875000E+00,+1.88074994E+00
+78.70000E-03,+1.19375002E+00,+1.59375000E+00,+1.28699994E+00
+78.72000E-03,+2.28750002E+00,+1.25000000E+00,+1.25574994E+00
+78.74000E-03,+2.35000002E+00,+1.50000000E+00,+1.75574994E+00
+78.76000E-03,+1.35000002E+00,+1.93750000E+00,+2.06824994E+00
+78.78000E-03,+725.00002E-03,+1.90625000E+00,+1.75574994E+00
+78.80000E-03,+1.44375002E+00,+1.50000000E+00,+1.25574994E+00
+78.82000E-03,+2.38125002E+00,+1.28125000E+00,+1.34949994E+00
+78.84000E-03,+2.16250002E+00,+1.59375000E+00,+1.91199994E+00
+78.86000E-03,+1.13125002E+00,+1.93750000E+00,+2.06824994E+00
+78.88000E-03,+756.25002E-03,+1.84375000E+00,+1.63074994E+00
+78.90000E-03,+1.72500002E+00,+1.40625000E+00,+1.19324994E+00
+78.92000E-03,+2.50625002E+00,+1.31250000E+00,+1.44324994E+00
+78.94000E-03,+1.94375002E+00,+1.68750000E+00,+2.00574994E+00
+78.96000E-03,+912.50002E-03,+1.96875000E+00,+2.00574994E+00
+78.98000E-03,+912.50002E-03,+1.71875000E+00,+1.47449994E+00
+79.00000E-03,+1.94375002E+00,+1.37500000E+00,+1.19324994E+00
+79.02000E-03,+2.47500002E+00,+1.34375000E+00,+1.56824994E+00
+79.04000E-03,+1.69375002E+00,+1.78125000E+00,+2.09949994E+00
+79.06000E-03,+756.25002E-03,+1.96875000E+00,+1.91199994E+00
+79.08000E-03,+1.13125002E+00,+1.62500000E+00,+1.31824994E+00
+79.10000E-03,+2.22500002E+00,+1.31250000E+00,+1.19324994E+00
+79.12000E-03,+2.41250002E+00,+1.46875000E+00,+1.72449994E+00
+79.14000E-03,+1.41250002E+00,+1.90625000E+00,+2.09949994E+00
+79.16000E-03,+693.75002E-03,+1.93750000E+00,+1.75574994E+00
+79.18000E-03,+1.38125002E+00,+1.53125000E+00,+1.22449994E+00
+79.20000E-03,+2.41250002E+00,+1.25000000E+00,+1.31824994E+00
+79.22000E-03,+2.19375002E+00,+1.59375000E+00,+1.88074994E+00
+79.24000E-03,+1.10000002E+00,+1.93750000E+00,+2.09949994E+00
+79.26000E-03,+756.25002E-03,+1.81250000E+00,+1.59949994E+00
+79.28000E-03,+1.72500002E+00,+1.40625000E+00,+1.22449994E+00
+79.30000E-03,+2.53750002E+00,+1.31250000E+00,+1.47449994E+00
+79.32000E-03,+1.91250002E+00,+1.68750000E+00,+2.00574994E+00
+79.34000E-03,+850.00002E-03,+1.96875000E+00,+1.97449994E+00
+79.36000E-03,+975.00002E-03,+1.75000000E+00,+1.44324994E+00
+79.38000E-03,+2.06875002E+00,+1.31250000E+00,+1.22449994E+00
+79.40000E-03,+2.44375002E+00,+1.40625000E+00,+1.63074994E+00
+79.42000E-03,+1.56875002E+00,+1.81250000E+00,+2.06824994E+00
+79.44000E-03,+693.75002E-03,+1.93750000E+00,+1.81824994E+00
+79.46000E-03,+1.25625002E+00,+1.59375000E+00,+1.31824994E+00
+79.48000E-03,+2.31875002E+00,+1.31250000E+00,+1.25574994E+00
+79.50000E-03,+2.35000002E+00,+1.50000000E+00,+1.78699994E+00
+79.52000E-03,+1.19375002E+00,+1.90625000E+00,+2.06824994E+00
+79.54000E-03,+756.25002E-03,+1.84375000E+00,+1.69324994E+00
+79.56000E-03,+1.60000002E+00,+1.46875000E+00,+1.22449994E+00
+79.58000E-03,+2.47500002E+00,+1.34375000E+00,+1.41199994E+00
+79.60000E-03,+2.03750002E+00,+1.65625000E+00,+2.00574994E+00
+79.62000E-03,+943.75002E-03,+1.96875000E+00,+2.00574994E+00
+79.64000E-03,+881.25002E-03,+1.78125000E+00,+1.47449994E+00
+79.66000E-03,+1.97500002E+00,+1.34375000E+00,+1.19324994E+00
+79.68000E-03,+2.50625002E+00,+1.40625000E+00,+1.59949994E+00
+79.70000E-03,+1.69375002E+00,+1.78125000E+00,+2.03699994E+00
+79.72000E-03,+725.00002E-03,+1.93750000E+00,+1.88074994E+00
+79.74000E-03,+1.19375002E+00,+1.62500000E+00,+1.34949994E+00
+79.76000E-03,+2.28750002E+00,+1.31250000E+00,+1.25574994E+00
+79.78000E-03,+2.35000002E+00,+1.46875000E+00,+1.75574994E+00
+79.80000E-03,+1.28750002E+00,+1.90625000E+00,+2.03699994E+00
+79.82000E-03,+693.75002E-03,+1.90625000E+00,+1.69324994E+00
+79.84000E-03,+1.53750002E+00,+1.46875000E+00,+1.25574994E+00
+79.86000E-03,+2.47500002E+00,+1.31250000E+00,+1.41199994E+00
+79.88000E-03,+2.03750002E+00,+1.62500000E+00,+1.94324994E+00
+79.90000E-03,+975.00002E-03,+1.96875000E+00,+1.97449994E+00
+79.92000E-03,+881.25002E-03,+1.75000000E+00,+1.50574994E+00
+79.94000E-03,+1.97500002E+00,+1.34375000E+00,+1.22449994E+00
+79.96000E-03,+2.53750002E+00,+1.40625000E+00,+1.56824994E+00
+79.98000E-03,+1.66250002E+00,+1.78125000E+00,+2.06824994E+00
+80.00000E-03,+725.00002E-03,+1.93750000E+00,+1.88074994E+00
+80.02000E-03,+1.22500002E+00,+1.59375000E+00,+1.31824994E+00
+80.04000E-03,+2.35000002E+00,+1.28125000E+00,+1.25574994E+00
+80.06000E-03,+2.31875002E+00,+1.50000000E+00,+1.78699994E+00
+80.08000E-03,+1.19375002E+00,+1.90625000E+00,+2.03699994E+00
+80.10000E-03,+756.25002E-03,+1.87500000E+00,+1.69324994E+00
+80.12000E-03,+1.63125002E+00,+1.46875000E+00,+1.25574994E+00
+80.14000E-03,+2.50625002E+00,+1.34375000E+00,+1.44324994E+00
+80.16000E-03,+1.94375002E+00,+1.65625000E+00,+1.94324994E+00
+80.18000E-03,+912.50002E-03,+1.96875000E+00,+1.97449994E+00
+80.20000E-03,+943.75002E-03,+1.71875000E+00,+1.47449994E+00
+80.22000E-03,+2.06875002E+00,+1.34375000E+00,+1.22449994E+00
+80.24000E-03,+2.47500002E+00,+1.40625000E+00,+1.66199994E+00
+80.26000E-03,+1.50625002E+00,+1.84375000E+00,+2.06824994E+00
+80.28000E-03,+693.75002E-03,+1.90625000E+00,+1.78699994E+00
+80.30000E-03,+1.31875002E+00,+1.56250000E+00,+1.25574994E+00
+80.32000E-03,+2.38125002E+00,+1.31250000E+00,+1.34949994E+00
+80.34000E-03,+2.22500002E+00,+1.56250000E+00,+1.84949994E+00
+80.36000E-03,+1.06875002E+00,+1.90625000E+00,+2.06824994E+00
+80.38000E-03,+787.50002E-03,+1.81250000E+00,+1.59949994E+00
+80.40000E-03,+1.85000002E+00,+1.40625000E+00,+1.22449994E+00
+80.42000E-03,+2.50625002E+00,+1.37500000E+00,+1.53699994E+00
+80.44000E-03,+1.78750002E+00,+1.75000000E+00,+2.00574994E+00
+80.46000E-03,+787.50002E-03,+1.93750000E+00,+1.94324994E+00
+80.48000E-03,+1.06875002E+00,+1.62500000E+00,+1.34949994E+00
+80.50000E-03,+2.25625002E+00,+1.31250000E+00,+1.28699994E+00
+80.52000E-03,+2.31875002E+00,+1.50000000E+00,+1.75574994E+00
+80.54000E-03,+1.25625002E+00,+1.90625000E+00,+2.06824994E+00
+80.56000E-03,+756.25002E-03,+1.87500000E+00,+1.72449994E+00
+80.58000E-03,+1.60000002E+00,+1.46875000E+00,+1.25574994E+00
+80.60000E-03,+2.47500002E+00,+1.34375000E+00,+1.44324994E+00
+80.62000E-03,+1.97500002E+00,+1.65625000E+00,+1.94324994E+00
+80.64000E-03,+881.25002E-03,+1.93750000E+00,+2.00574994E+00
+80.66000E-03,+943.75002E-03,+1.75000000E+00,+1.44324994E+00
+80.68000E-03,+2.06875002E+00,+1.34375000E+00,+1.25574994E+00
+80.70000E-03,+2.44375002E+00,+1.43750000E+00,+1.69324994E+00
+80.72000E-03,+1.44375002E+00,+1.87500000E+00,+2.03699994E+00
+80.74000E-03,+662.50002E-03,+1.90625000E+00,+1.75574994E+00
+80.76000E-03,+1.38125002E+00,+1.56250000E+00,+1.31824994E+00
+80.78000E-03,+2.41250002E+00,+1.31250000E+00,+1.31824994E+00
+80.80000E-03,+2.13125002E+00,+1.59375000E+00,+1.91199994E+00
+80.82000E-03,+975.00002E-03,+1.96875000E+00,+1.97449994E+00
+80.84000E-03,+850.00002E-03,+1.75000000E+00,+1.53699994E+00
+80.86000E-03,+1.94375002E+00,+1.37500000E+00,+1.22449994E+00
+80.88000E-03,+2.47500002E+00,+1.40625000E+00,+1.59949994E+00
+80.90000E-03,+1.60000002E+00,+1.78125000E+00,+2.03699994E+00
+80.92000E-03,+725.00002E-03,+1.93750000E+00,+1.84949994E+00
+80.94000E-03,+1.28750002E+00,+1.59375000E+00,+1.34949994E+00
+80.96000E-03,+2.31875002E+00,+1.31250000E+00,+1.31824994E+00
+80.98000E-03,+2.22500002E+00,+1.56250000E+00,+1.84949994E+00
+81.00000E-03,+1.06875002E+00,+1.90625000E+00,+2.03699994E+00
+81.02000E-03,+787.50002E-03,+1.81250000E+00,+1.59949994E+00
+81.04000E-03,+1.81875002E+00,+1.43750000E+00,+1.22449994E+00
+81.06000E-03,+2.50625002E+00,+1.37500000E+00,+1.53699994E+00
+81.08000E-03,+1.72500002E+00,+1.78125000E+00,+2.03699994E+00
+81.10000E-03,+756.25002E-03,+1.90625000E+00,+1.84949994E+00
+81.12000E-03,+1.16250002E+00,+1.62500000E+00,+1.38074994E+00
+81.14000E-03,+2.28750002E+00,+1.31250000E+00,+1.28699994E+00
+81.16000E-03,+2.31875002E+00,+1.53125000E+00,+1.81824994E+00
+81.18000E-03,+1.19375002E+00,+1.90625000E+00,+2.03699994E+00
+81.20000E-03,+787.50002E-03,+1.81250000E+00,+1.59949994E+00
+81.22000E-03,+1.75625002E+00,+1.43750000E+00,+1.25574994E+00
+81.24000E-03,+2.47500002E+00,+1.37500000E+00,+1.50574994E+00
+81.26000E-03,+1.75625002E+00,+1.75000000E+00,+2.00574994E+00
+81.28000E-03,+756.25002E-03,+1.90625000E+00,+1.88074994E+00
+81.30000E-03,+1.16250002E+00,+1.65625000E+00,+1.38074994E+00
+81.32000E-03,+2.25625002E+00,+1.31250000E+00,+1.28699994E+00
+81.34000E-03,+2.31875002E+00,+1.56250000E+00,+1.78699994E+00
+81.36000E-03,+1.16250002E+00,+1.87500000E+00,+2.00574994E+00
+81.38000E-03,+756.25002E-03,+1.81250000E+00,+1.63074994E+00
+81.40000E-03,+1.72500002E+00,+1.46875000E+00,+1.25574994E+00
+81.42000E-03,+2.50625002E+00,+1.40625000E+00,+1.50574994E+00
+81.44000E-03,+1.78750002E+00,+1.71875000E+00,+1.97449994E+00
+81.46000E-03,+787.50002E-03,+1.93750000E+00,+1.94324994E+00
+81.48000E-03,+1.13125002E+00,+1.65625000E+00,+1.41199994E+00
+81.50000E-03,+2.22500002E+00,+1.37500000E+00,+1.28699994E+00
+81.52000E-03,+2.31875002E+00,+1.53125000E+00,+1.78699994E+00
+81.54000E-03,+1.16250002E+00,+1.87500000E+00,+2.06824994E+00
+81.56000E-03,+756.25002E-03,+1.84375000E+00,+1.66199994E+00
+81.58000E-03,+1.75625002E+00,+1.43750000E+00,+1.22449994E+00
+81.60000E-03,+2.50625002E+00,+1.34375000E+00,+1.53699994E+00
+81.62000E-03,+1.78750002E+00,+1.71875000E+00,+2.00574994E+00
+81.64000E-03,+756.25002E-03,+1.90625000E+00,+1.88074994E+00
+81.66000E-03,+1.19375002E+00,+1.62500000E+00,+1.38074994E+00
